{"StartNode":{"Position":{"X":0.5566169226340097,"Y":0.16650427839090315,"Z":0.5768985643875313},"Orientation":{"X":{"X":0.9551538750320459,"Y":0.6146435209618153,"Z":0.30317527535519345},"Y":{"X":0.4707023699165799,"Y":0.05866015425820842,"Z":0.004018025008969952},"Z":{"X":0.08917567650283485,"Y":0.41967155431381964,"Z":0.15452913667751902}},"Support":{"Name":"kz4oyxwlr2w","TranslationalStiffnessX":0.5561058849823223,"TranslationalStiffnessY":0.05100354321813376,"TranslationalStiffnessZ":0.32421581369089697,"RotationalStiffnessX":0.28645196710082327,"RotationalStiffnessY":0.583180615484333,"RotationalStiffnessZ":0.1300229170033815,"TranslationX":2,"TranslationY":0,"TranslationZ":1,"RotationX":11,"RotationY":5,"RotationZ":3,"BHoM_Guid":"a441fa18-5f50-4fe7-a4e6-2fa650940eae","Fragments":[],"Tags":[],"CustomData":{"yqg1dgjoygh":{"$type":"BH.oM.Geometry.Point, Geometry_oM","X":0.2559285048655833,"Y":0.6550970373931793,"Z":0.6105239487302135},"1z2z3nn1ccl":{"$type":"BH.oM.Geometry.Point, Geometry_oM","X":0.7714667635836949,"Y":0.2989531137509984,"Z":0.6579445938849564},"5pda1xfuduk":{"$type":"BH.oM.Geometry.Point, Geometry_oM","X":0.9190192245501183,"Y":0.5013270473579536,"Z":0.9178010657978249},"qeifvyazehw":{"$type":"BH.oM.Geometry.Point, Geometry_oM","X":0.8885350916015613,"Y":0.5937606266670677,"Z":0.6168498376462841},"dzf2dhri4qd":{"$type":"BH.oM.Geometry.Point, Geometry_oM","X":0.6304089592911345,"Y":0.5922397205569966,"Z":0.4423569321829625},"hn4ra3vqu33":{"$type":"BH.oM.Geometry.Point, Geometry_oM","X":0.1849541739490601,"Y":0.5988626296626696,"Z":0.10626663272560882},"wjucynt1avh":{"$type":"BH.oM.Geometry.Point, Geometry_oM","X":0.5728170608975073,"Y":0.8025098940369253,"Z":0.15047223314199235},"ugqqg3anvo4":{"$type":"BH.oM.Geometry.Point, Geometry_oM","X":0.9625598843966424,"Y":0.4014131619601572,"Z":0.6803413935379784},"wvwtviuubni":{"$type":"BH.oM.Geometry.Point, Geometry_oM","X":0.343885917842335,"Y":0.5374460185586689,"Z":0.358715016096232},"ik5nb3d0mur":{"$type":"BH.oM.Geometry.Point, Geometry_oM","X":0.8601784211863663,"Y":0.5612090097559658,"Z":0.23255126142527502},"kybrcxakyjf":{"$type":"BH.oM.Geometry.Point, Geometry_oM","X":0.7617269604288632,"Y":0.23370810236488845,"Z":0.637086660432204}}},"BHoM_Guid":"130f827f-7810-4d0c-8a5b-9e902b0d6867","Name":"oabdzv2un2m","Fragments":[],"Tags":[],"CustomData":{"f1jrjrroq40":{"$type":"BH.oM.Geometry.Point, Geometry_oM","X":0.5875330160313905,"Y":0.6946455238827716,"Z":0.5362622903363138},"02n4uiqeohw":{"$type":"BH.oM.Geometry.Point, Geometry_oM","X":0.3757339941224707,"Y":0.47826563402929606,"Z":0.2840358085390347},"40dl3x4ufxc":{"$type":"BH.oM.Geometry.Point, Geometry_oM","X":0.7968630938776131,"Y":0.2327536825243168,"Z":0.6570658752029137},"neawturxrmc":{"$type":"BH.oM.Geometry.Point, Geometry_oM","X":0.8605916862658186,"Y":0.9246340836047353,"Z":0.9689568695467696}}},"EndNode":{"Position":{"X":0.8193559771493804,"Y":0.9582611499159882,"Z":0.5176060625899611},"Orientation":{"X":{"X":0.8209856538199752,"Y":0.1488892078161655,"Z":0.3550330332270977},"Y":{"X":0.35108907304289244,"Y":0.2350456105708357,"Z":0.96877159968427},"Z":{"X":0.7896165884051549,"Y":0.06919994953516868,"Z":0.3596884591317216}},"Support":{"Name":"afzdypoivta","TranslationalStiffnessX":0.6521343694311261,"TranslationalStiffnessY":0.6744225922387198,"TranslationalStiffnessZ":0.9512460715841716,"RotationalStiffnessX":0.9617759692304656,"RotationalStiffnessY":0.5565901368654287,"RotationalStiffnessZ":0.34351751457132285,"TranslationX":12,"TranslationY":1,"TranslationZ":7,"RotationX":3,"RotationY":7,"RotationZ":12,"BHoM_Guid":"b527d8cb-c471-4dfe-a52d-7bb30af392f8","Fragments":[],"Tags":[],"CustomData":{"wezf0dmbkoa":{"$type":"BH.oM.Geometry.Point, Geometry_oM","X":0.8136763697553782,"Y":0.5470228239647219,"Z":0.30469233603435214},"5kpdobrz4cw":{"$type":"BH.oM.Geometry.Point, Geometry_oM","X":0.09924783329444371,"Y":0.9995867349205477,"Z":0.6365749261512305},"qykdxto0qh4":{"$type":"BH.oM.Geometry.Point, Geometry_oM","X":0.6417416821428303,"Y":0.9423709832794829,"Z":0.27544695244890033}}},"BHoM_Guid":"5f62fa33-e994-425e-a339-5f3a175a288c","Name":"dkcxb1cknnm","Fragments":[],"Tags":[],"CustomData":{"tn2whbfysjj":{"$type":"BH.oM.Geometry.Point, Geometry_oM","X":0.2575255400769066,"Y":0.2324999828042928,"Z":0.3435564508398792},"qdtdh3o1wsv":{"$type":"BH.oM.Geometry.Point, Geometry_oM","X":0.6303219635180766,"Y":0.5861174057173159,"Z":0.4090656844941274},"ag0x3nq1dvx":{"$type":"BH.oM.Geometry.Point, Geometry_oM","X":0.3031011187951551,"Y":0.12244050163889326,"Z":0.28150761094014515},"w3m5dravdud":{"$type":"BH.oM.Geometry.Point, Geometry_oM","X":0.9922402678021417,"Y":0.5170741716944958,"Z":0.9393500387386187},"amzm4wti2z1":{"$type":"BH.oM.Geometry.Point, Geometry_oM","X":0.5342709378033276,"Y":0.5798609236161508,"Z":0.3714352596418165},"m3ogmqfqhtg":{"$type":"BH.oM.Geometry.Point, Geometry_oM","X":0.42468006882103165,"Y":0.33521283806078733,"Z":0.8080102092623758}}},"SectionProperty":{"$type":"BH.oM.Structure.SectionProperties.AluminiumSection, Structure_oM","Name":null,"Material":null,"SectionProfile":null,"Area":0.5333964696775174,"Rgy":0.8695237663898262,"Rgz":0.7900298534846072,"J":0.43262502338393827,"Iy":0.0960940672532162,"Iz":0.010392687288295798,"Iw":0.7320516089592369,"Wely":0.6757991191352714,"Welz":0.8422953713882227,"Wply":0.8278992948252238,"Wplz":0.08599197449441626,"CentreZ":0.7527840620618239,"CentreY":0.7643079193142746,"Vz":0.3129932630402005,"Vpz":0.609173090015153,"Vy":0.0007084845568558595,"Vpy":0.5140818434367338,"Asy":0.4719582355916306,"Asz":0.510575250960223,"BHoM_Guid":"edf94038-4c14-4ffc-a9af-d10f73feb18c","Fragments":[],"Tags":[],"CustomData":{}},"OrientationAngle":0.42458232232582865,"Release":{"Name":"iw22tfbvogo","StartRelease":{"Name":"xvffiurarz4","TranslationalStiffnessX":0.02318472509420697,"TranslationalStiffnessY":0.006359234920870156,"TranslationalStiffnessZ":0.10700756549230198,"RotationalStiffnessX":0.4825125632260519,"RotationalStiffnessY":0.6972248874126118,"RotationalStiffnessZ":0.4025018924858896,"TranslationX":1,"TranslationY":4,"TranslationZ":11,"RotationX":6,"RotationY":3,"RotationZ":11,"BHoM_Guid":"99618e11-ca5d-4f8d-ac98-eda106e8efd4","Fragments":[],"Tags":[],"CustomData":{"l5r2nziny3u":{"$type":"BH.oM.Geometry.Point, Geometry_oM","X":0.2971597138313389,"Y":0.7678202100879606,"Z":0.7607981971282504},"0lzds0yckx4":{"$type":"BH.oM.Geometry.Point, Geometry_oM","X":0.9764406611101891,"Y":0.8282532821540969,"Z":0.2927084315068593},"adpwy4axqi2":{"$type":"BH.oM.Geometry.Point, Geometry_oM","X":0.6057084918048738,"Y":0.8529945345842254,"Z":0.16434097297691785},"pr5pqyginev":{"$type":"BH.oM.Geometry.Point, Geometry_oM","X":0.1865659766767947,"Y":0.09678458007834134,"Z":0.22127767476312707},"sexg2essiei":{"$type":"BH.oM.Geometry.Point, Geometry_oM","X":0.37072677508496066,"Y":0.08037669122236626,"Z":0.9527218332294011},"ckbikaf14ff":{"$type":"BH.oM.Geometry.Point, Geometry_oM","X":0.38342788693654717,"Y":0.023212011914333336,"Z":0.5270372347566472},"awfyjij13x4":{"$type":"BH.oM.Geometry.Point, Geometry_oM","X":0.30751729025855534,"Y":0.7354001359713265,"Z":0.6935921747673266},"tt2bfbplvrd":{"$type":"BH.oM.Geometry.Point, Geometry_oM","X":0.3695415492959048,"Y":0.7717874263281875,"Z":0.3172733082050799},"jmrpc0i0zam":{"$type":"BH.oM.Geometry.Point, Geometry_oM","X":0.16367927247829703,"Y":0.32829428851990694,"Z":0.4671482054829356},"syb3dwch3lj":{"$type":"BH.oM.Geometry.Point, Geometry_oM","X":0.8483748928869026,"Y":0.2046209323241473,"Z":0.5376411823265447},"fepsinmuvh3":{"$type":"BH.oM.Geometry.Point, Geometry_oM","X":0.2178668194533637,"Y":0.034193429646172294,"Z":0.41747623328933314}}},"EndRelease":{"Name":"wtm2g5svqek","TranslationalStiffnessX":0.9426665925153841,"TranslationalStiffnessY":0.05143036602597235,"TranslationalStiffnessZ":0.5106589107358172,"RotationalStiffnessX":0.30571731240754824,"RotationalStiffnessY":0.8861930695763757,"RotationalStiffnessZ":0.39182222606233424,