{"StartNode":{"Position":{"X":0.7961016901750592,"Y":0.9197922329976187,"Z":0.5210666393493613},"Orientation":{"X":{"X":0.46551649154420777,"Y":0.27885512508398624,"Z":0.6319550544172317},"Y":{"X":0.5928008517216895,"Y":0.4674264283233445,"Z":0.187344760255583},"Z":{"X":0.6253072394175955,"Y":0.12549432326364066,"Z":0.2694593957948775}},"Support":{"Name":"dtucsent","TranslationalStiffnessX":0.082930215673023,"TranslationalStiffnessY":0.5584215896941822,"TranslationalStiffnessZ":0.369270587046291,"RotationalStiffnessX":0.5747194860944149,"RotationalStiffnessY":0.0062915603659542095,"RotationalStiffnessZ":0.17891462109001102,"TranslationX":4,"TranslationY":2,"TranslationZ":1,"RotationX":1,"RotationY":7,"RotationZ":0,"BHoM_Guid":"edef8365-8469-43a3-8212-e73d208306b0","Fragments":[],"Tags":[],"CustomData":{"sjhfjzc":{"$type":"BH.oM.Geometry.Point, Geometry_oM","X":0.36620344192078497,"Y":0.6112892239407121,"Z":0.7431241556737219}}},"BHoM_Guid":"c54ff809-5b49-465c-9734-8ed602e35964","Name":"bbsynrbjw","Fragments":[],"Tags":[],"CustomData":{"kslp":{"$type":"BH.oM.Geometry.Point, Geometry_oM","X":0.9535884223662263,"Y":0.8324987393955229,"Z":0.5395990729050707},"fgninvoln":{"$type":"BH.oM.Geometry.Point, Geometry_oM","X":0.13217736600533936,"Y":0.8223772248357428,"Z":0.7764890556114209},"jh":{"$type":"BH.oM.Geometry.Point, Geometry_oM","X":0.6810126726892836,"Y":0.8380087543455924,"Z":0.8725075297395268},"hwd":{"$type":"BH.oM.Geometry.Point, Geometry_oM","X":0.36291032534228185,"Y":0.7987363579677121,"Z":0.5954790350960004},"nnq":{"$type":"BH.oM.Geometry.Point, Geometry_oM","X":0.4018942799427986,"Y":0.4157172191961283,"Z":0.34707019075149215},"tvuonzjc":{"$type":"BH.oM.Geometry.Point, Geometry_oM","X":0.5486955254099777,"Y":0.3751888374682464,"Z":0.12251822330174884}}},"EndNode":{"Position":{"X":0.2268981897397424,"Y":0.8439026222768717,"Z":0.5186545022384518},"Orientation":{"X":{"X":0.36390592687013834,"Y":0.48272550407924014,"Z":0.32595026741081395},"Y":{"X":0.381761499392689,"Y":0.46119014334920333,"Z":0.5122691413910451},"Z":{"X":0.4361144744027939,"Y":0.4567903105433985,"Z":0.355991462411355}},"Support":{"Name":"t","TranslationalStiffnessX":0.06643549495676322,"TranslationalStiffnessY":0.43505130728476277,"TranslationalStiffnessZ":0.2963136128598422,"RotationalStiffnessX":0.35819438675334414,"RotationalStiffnessY":0.14060670982143222,"RotationalStiffnessZ":0.22848369564324789,"TranslationX":12,"TranslationY":5,"TranslationZ":3,"RotationX":6,"RotationY":0,"RotationZ":2,"BHoM_Guid":"2470d927-3e00-481f-8e44-b421d738ce26","Fragments":[],"Tags":[],"CustomData":{"zbbymmc":{"$type":"BH.oM.Geometry.Point, Geometry_oM","X":0.07666961479776986,"Y":0.1826200337068271,"Z":0.6293464431675833},"r":{"$type":"BH.oM.Geometry.Point, Geometry_oM","X":0.740982104437883,"Y":0.2523819125501355,"Z":0.016994450714902232},"hgl":{"$type":"BH.oM.Geometry.Point, Geometry_oM","X":0.19768500942629064,"Y":0.8988917748904283,"Z":0.5195590218154522},"dk":{"$type":"BH.oM.Geometry.Point, Geometry_oM","X":0.8024754402239227,"Y":0.9700820143195251,"Z":0.9260366879990495},"di":{"$type":"BH.oM.Geometry.Point, Geometry_oM","X":0.8862361288099718,"Y":0.792404644094596,"Z":0.522559421380311},"gaz":{"$type":"BH.oM.Geometry.Point, Geometry_oM","X":0.5001121487003342,"Y":0.00999413338023896,"Z":0.6166459380726544},"qptt":{"$type":"BH.oM.Geometry.Point, Geometry_oM","X":0.5558847526814252,"Y":0.21772339065453195,"Z":0.7709000901183579}}},"BHoM_Guid":"e569c547-d235-4407-ae96-6d199bf22179","Name":"rl","Fragments":[],"Tags":[],"CustomData":{"qsgknqjox":{"$type":"BH.oM.Geometry.Point, Geometry_oM","X":0.8493788344084187,"Y":0.31571044228771256,"Z":0.3883291806040002}}},"SectionProperty":{"$type":"BH.oM.Structure.SectionProperties.AluminiumSection, Structure_oM","Name":"fyko","Material":{"$type":"BH.oM.Structure.MaterialFragments.Aluminium, Structure_oM","Name":"gwpt","Density":0.7870030816583908,"DampingRatio":0.7076272604556881,"PoissonsRatio":0.5065318422888089,"ThermalExpansionCoeff":0.32800550680980345,"YoungsModulus":0.5538997145154978,"BHoM_Guid":"8be7d58f-44f8-4314-8c9b-43f8ecbdc61f","Fragments":[],"Tags":[],"CustomData":{"yrs":{"$type":"BH.oM.Geometry.Point, Geometry_oM","X":0.8622146173670024,"Y":0.3377238173679094,"Z":0.942080335198939},"l":{"$type":"BH.oM.Geometry.Point, Geometry_oM","X":0.8991340631149403,"Y":0.0633639111478645,"Z":0.9326282473898624},"xeci":{"$type":"BH.oM.Geometry.Point, Geometry_oM","X":0.8209624163904052,"Y":0.5575929715100643,"Z":0.8040277565848212},"r":{"$type":"BH.oM.Geometry.Point, Geometry_oM","X":0.7256278664458673,"Y":0.4708575361738249,"Z":0.7185866496146595},"i":{"$type":"BH.oM.Geometry.Point, Geometry_oM","X":0.3874113594123215,"Y":0.8938648970303428,"Z":0.914106596686927},"xdu":{"$type":"BH.oM.Geometry.Point, Geometry_oM","X":0.7918514054230654,"Y":0.6466981669174033,"Z":0.424017383914449}}},"SectionProfile":null,"Area":0.306054075391057,"Rgy":0.9474940928386031,"Rgz":0.3243761469257884,"J":0.48082792501935173,"Iy":0.2744716174315995,"Iz":0.8861961555137281,"Iw":0.5607935341823816,"Wely":0.9834872507413325,"Welz":0.5952620001487723,"Wply":0.41914459989366337,"Wplz":0.8380967592066605,"CentreZ":0.6545587119900429,"CentreY":0.3051973862132045,"Vz":0.6605542426279533,"Vpz":0.9485509427956077,"Vy":0.8533785067747247,"Vpy":0.34459605316845515,"Asy":0.5116550170405093,"Asz":0.3736301070887736,"BHoM_Guid":"20199192-8f0e-442f-bff2-adbdffb00090","Fragments":[],"Tags":[],"CustomData":{"znhbehi":{"$type":"BH.oM.Geometry.Point, Geometry_oM","X":0.6651375883562199,"Y":0.22017121278688834,"Z":0.8867877702632861},"bymv":{"$type":"BH.oM.Geometry.Point, Geometry_oM","X":0.6808152113486152,"Y":0.4892509949809178,"Z":0.017183570199265877},"mr":{"$type":"BH.oM.Geometry.Point, Geometry_oM","X":0.8090652161320043,"Y":0.7855042679167838,"Z":0.08278971355538337},"hnsnomx":{"$type":"BH.oM.Geometry.Point, Geometry_oM","X":0.04675858050899514,"Y":0.16023738922562328,"Z":0.035680788585767516},"na":{"$type":"BH.oM.Geometry.Point, Geometry_oM","X":0.7146084582035469,"Y":0.5830546080055901,"Z":0.9298937110835191}}},"OrientationAngle":0.5807587460525142,"Release":{"Name":"kwfhaleg","StartRelease":{"Name":"pqupl","TranslationalStiffnessX":0.48568393778320584,"TranslationalStiffnessY":0.800057747773853,"TranslationalStiffnessZ":0.8567651630643593,"RotationalStiffnessX":0.7751117892447448,"RotationalStiffnessY":0.13459459931337955,"RotationalStiffnessZ":0.9241509213690418,"TranslationX":11,"TranslationY":2,"TranslationZ":8,"RotationX":7,"RotationY":10,"RotationZ":8,"BHoM_Guid":"14d42086-fbee-4acc-a8f0-25909bba2bc7","Fragments":[],"Tags":[],"CustomData":{"g":{"$type":"BH.oM.Geometry.Point, Geometry_oM","X":0.5645542315042364,"Y":0.015575952835183569,"Z":0.9805482411666532},"wpmsw":{"$type":"BH.oM.Geometry.Point, Geometry_oM","X":0.07802063323465205,"Y":0.7837210371083212,"Z":0.7022959742240124},"eigpflrrw":{"$type":"BH.oM.Geometry.Point, Geometry_oM","X":0.19625294543628252,"Y":0.6045676430708578,"Z":0.2775757169712222},"rfusqdjji":{"$type":"BH.oM.Geometry.Point, Geometry_oM","X":0.9207133729572936,"Y":0.407205045878517,"Z":0.4184638440694957}}},"EndRelease":{"Name":"","TranslationalStiffnessX":0.03929949367386265,"TranslationalStiffnessY":0.8686008173360493,"TranslationalStiffnessZ":0.18928743861116815,"RotationalStiffnessX":0.6667671658409606,"RotationalStiffnessY":0.2030673554181435,"RotationalStiffnessZ":0.573260482667601,"TranslationX":6,"TranslationY":2,"TranslationZ":10,"RotationX":11,"RotationY":9,"RotationZ":8,"BHoM_Guid":"8acbe5ff-1982-4357-b71e-a43ad5bcd1f2","Fragments":[],"Tags":[],"CustomData":{"":{"$type":"BH.oM.Geometry.Point, Geometry_oM","X":0.7665761261091456,"Y":0.9736629156273151,"Z":0.10015648980632261},"xfiw":{"$type":"BH.oM.Geometry.Point, Geometry_oM","X":0.6101846176247041,"Y":0.9459672216074388,"Z":0.18084739110472026},"ri":{"$type":"BH.oM.Geometry.Point, Geometry_oM","X":0.7155651523338469,"Y":0.28681977153141974,"Z":0.9119886708967335},