{"StartNode":{"Position":{"X":0.4362070739437859,"Y":0.5408584412843261,"Z":0.4763666575198838},"Orientation":{"X":{"X":0.4786311502003256,"Y":0.7339708123979954,"Z":0.6755725800411648},"Y":{"X":0.6011198133235424,"Y":0.6143196954458578,"Z":0.5728599455081206},"Z":{"X":0.3895963450845314,"Y":0.9612243105476835,"Z":0.44154776653346967}},"Support":{"Name":"5ikklwdjfcy","TranslationalStiffnessX":0.8825884917204214,"TranslationalStiffnessY":0.3148997599794063,"TranslationalStiffnessZ":0.8301676282799652,"RotationalStiffnessX":0.9453629082745699,"RotationalStiffnessY":0.9392138728588885,"RotationalStiffnessZ":0.386993305006527,"TranslationX":6,"TranslationY":0,"TranslationZ":4,"RotationX":2,"RotationY":3,"RotationZ":4,"BHoM_Guid":"b1ac12a7-0930-4855-a266-6286132ab46d","Fragments":[],"Tags":[],"CustomData":{}},"BHoM_Guid":"efb3a41e-c947-45cd-a1d0-5fcef22acba4","Name":"lkchbm4szta","Fragments":[],"Tags":[],"CustomData":{"uz3sucjczbg":{"$type":"BH.oM.Geometry.Point, Geometry_oM","X":0.8574398434057086,"Y":0.00045546796194066664,"Z":0.1463804469194172},"cbheqc2lagb":{"$type":"BH.oM.Geometry.Point, Geometry_oM","X":0.25049674895149504,"Y":0.042035903801226945,"Z":0.12751612445689559},"5vxfa13szum":{"$type":"BH.oM.Geometry.Point, Geometry_oM","X":0.8798421201667944,"Y":0.7242460514997346,"Z":0.45382078618454785},"xsix4xjy44y":{"$type":"BH.oM.Geometry.Point, Geometry_oM","X":0.31827861225152326,"Y":0.39173807641106567,"Z":0.5137348880589636},"fcu3n5j1qeq":{"$type":"BH.oM.Geometry.Point, Geometry_oM","X":0.2717844994141648,"Y":0.1674676827003563,"Z":0.407038290243148},"vlgoszoccda":{"$type":"BH.oM.Geometry.Point, Geometry_oM","X":0.43979555388903036,"Y":0.15335777641896056,"Z":0.5812129138881401}}},"EndNode":{"Position":{"X":0.3966284745357132,"Y":0.3052553861892109,"Z":0.12091750284699607},"Orientation":{"X":{"X":0.6294509226593427,"Y":0.8632378749843863,"Z":0.2802822493390563},"Y":{"X":0.2802681342141089,"Y":0.10293835685725247,"Z":0.4421253439235153},"Z":{"X":0.02699862561514537,"Y":0.8181327366354562,"Z":0.6006643453616017}},"Support":{"Name":"x1umhmb53av","TranslationalStiffnessX":0.4679392485264406,"TranslationalStiffnessY":0.11494105314600331,"TranslationalStiffnessZ":0.13909959613303635,"RotationalStiffnessX":0.9191884067464566,"RotationalStiffnessY":0.3140316420765741,"RotationalStiffnessZ":0.23340124042397423,"TranslationX":5,"TranslationY":1,"TranslationZ":6,"RotationX":5,"RotationY":0,"RotationZ":0,"BHoM_Guid":"100c4533-266f-438f-8fb6-907da8a48380","Fragments":[],"Tags":[],"CustomData":{"5snhcj3vszg":{"$type":"BH.oM.Geometry.Point, Geometry_oM","X":0.6508262835679698,"Y":0.8841403251905647,"Z":0.09312262436986092},"cgmeicz1gej":{"$type":"BH.oM.Geometry.Point, Geometry_oM","X":0.6400109616294555,"Y":0.26717663289381965,"Z":0.704082066986748},"q2tzaphppnt":{"$type":"BH.oM.Geometry.Point, Geometry_oM","X":0.8138388259400794,"Y":0.061290417826404056,"Z":0.9452413627622842},"edpj3wnhd1v":{"$type":"BH.oM.Geometry.Point, Geometry_oM","X":0.498065201797553,"Y":0.785949376312061,"Z":0.5995598708277381},"daibkblok2u":{"$type":"BH.oM.Geometry.Point, Geometry_oM","X":0.35088242932729535,"Y":0.04527385115869057,"Z":0.2912799866363779},"4wms0wru3vp":{"$type":"BH.oM.Geometry.Point, Geometry_oM","X":0.9130705426973619,"Y":0.24335956910781542,"Z":0.1568434462681615}}},"BHoM_Guid":"fb07fec5-fe86-4298-907f-647c59ef51fa","Name":"zqsim1yqrze","Fragments":[],"Tags":[],"CustomData":{"0e2bw0vasld":{"$type":"BH.oM.Geometry.Point, Geometry_oM","X":0.08246320257078074,"Y":0.20639431346505616,"Z":0.7183001366063487},"nz2cz4n4oid":{"$type":"BH.oM.Geometry.Point, Geometry_oM","X":0.8409994988893157,"Y":0.9448137967590307,"Z":0.23654069343420708}}},"SectionProperty":{"$type":"BH.oM.Structure.SectionProperties.AluminiumSection, Structure_oM","Name":null,"Material":null,"SectionProfile":null,"Area":0.09246015227048665,"Rgy":0.2124115914164165,"Rgz":0.39614192414849153,"J":0.18714550984424796,"Iy":0.13654834643776917,"Iz":0.80211438229406,"Iw":0.7598219927213257,"Wely":0.11405066964870815,"Welz":0.18142179128780114,"Wply":0.6541004225863611,"Wplz":0.053650635319599245,"CentreZ":0.19385823337075217,"CentreY":0.9980700057922257,"Vz":0.8159664402790211,"Vpz":0.4474518641119133,"Vy":0.8354977689848737,"Vpy":0.6619436594946048,"Asy":0.14065969276272677,"Asz":0.40654082661799196,"BHoM_Guid":"b2c7a0af-d24e-491d-8d60-d534cd67ad84","Fragments":[],"Tags":[],"CustomData":{}},"OrientationAngle":0.7774347061186259,"Release":{"Name":"xhgfkimep2r","StartRelease":{"Name":"4prdflrpt1t","TranslationalStiffnessX":0.5018119716559593,"TranslationalStiffnessY":0.623920227691494,"TranslationalStiffnessZ":0.4074667144601544,"RotationalStiffnessX":0.7272968789224032,"RotationalStiffnessY":0.06475453780254095,"RotationalStiffnessZ":0.4785401269227919,"TranslationX":7,"TranslationY":0,"TranslationZ":12,"RotationX":12,"RotationY":12,"RotationZ":1,"BHoM_Guid":"bce62eb9-6835-403f-ab6e-8a6b63e40009","Fragments":[],"Tags":[],"CustomData":{"cktf10pmjcx":{"$type":"BH.oM.Geometry.Point, Geometry_oM","X":0.8756182095388035,"Y":0.40560504952706633,"Z":0.5735377848956444},"zaf2ngsjhok":{"$type":"BH.oM.Geometry.Point, Geometry_oM","X":0.2568324074413778,"Y":0.21433408288952618,"Z":0.24315946886463066},"bofrxi0gcfg":{"$type":"BH.oM.Geometry.Point, Geometry_oM","X":0.4595546701269013,"Y":0.7316487514095608,"Z":0.5892591465214543}}},"EndRelease":{"Name":"qwxhuc35szy","TranslationalStiffnessX":0.8345098531965678,"TranslationalStiffnessY":0.4897798777044657,"TranslationalStiffnessZ":0.2664967622917596,"RotationalStiffnessX":0.7589424493531428,"RotationalStiffnessY":0.8828023676214751,"RotationalStiffnessZ":0.8133476776133047,"TranslationX":9,"TranslationY":6,"TranslationZ":5,"RotationX":7,"RotationY":6,"RotationZ":10,"BHoM_Guid":"5a7c3ab6-eacf-482d-af08-7f65e09d2406","Fragments":[],"Tags":[],"CustomData":{"s304jc2de5h":{"$type":"BH.oM.Geometry.Point, Geometry_oM","X":0.12239097204170701,"Y":0.6580082195149773,"Z":0.24456662323538522},"2v35dgxelok":{"$type":"BH.oM.Geometry.Point, Geometry_oM","X":0.12826873926830884,"Y":0.23747057432191007,"Z":0.6812610955355973},"pv0zxbaxzdy":{"$type":"BH.oM.Geometry.Point, Geometry_oM","X":0.4851575640426751,"Y":0.12245179625342217,"Z":0.4103613907519548},"sxfmp1sbjv2":{"$type":"BH.oM.Geometry.Point, Geometry_oM","X":0.6320798223056271,"Y":0.4051112520532269,"Z":0.9263256098732006}}},"BHoM_Guid":"fb7c9ea8-544c-42f7-8497-988fa4547f57","Fragments":[],"Tags":[],"CustomData":{"vxjrk2vvj5o":{"$type":"BH.oM.Geometry.Point, Geometry_oM","X":0.04225730152905793,"Y":0.8922714762819333,"Z":0.8182075679387001},"oxotnzhbk0t":{"$type":"BH.oM.Geometry.Point, Geometry_oM","X":0.23024468460597317,"Y":0.9887602492183262,"Z":0.2910509967669151},"sd3xvjy42qa":{"$type":"BH.oM.Geometry.Point, Geometry_oM","X":0.10297956275892424,"Y":0.13060353935258628,"Z":0.27249952092417495},"wbfpt1whzsb":{"$type":"BH.oM.Geometry.Point, Geometry_oM","X":0.2495946820124959,"Y":0.33192998977933547,"Z":0.9370651249480737},"kx0ieucajxd":{"$type":"BH.oM.Geometry.Point, Geometry_oM","X":0.5345729014531583,"Y":0.13444143539967082,"Z":0.5563258633745489},"oxzkpkajfup":{"$type":"BH.oM.Geometry.Point, Geometry_oM","X":0.8324183206224899,"Y":0.3312859308585925,"Z":0.4941781770876507},"upmxj0eijts":{"$type":"BH.oM.Geometry.Point, Geometry_oM","X":0.16601879669633637,"Y":0.34935228915389266,"Z":0.3673280814510435},"i0cfuaaewl3":{"$type":"BH.oM.Geometry.Point, Geometry_oM","X":0.885028370136874,"Y":0.250722545315848,"Z":0.40823642556007783},"y1pye0yctud":{"$type":"BH.oM.Geometry.Point, Geometry_oM","X":0.3748916123876775,"Y":0.2131292751120074,"Z":0.5014309182304102},"etaacp4vca3":{"$type":"BH.oM.Geometry.Point, Geometry_oM","X":0.986737309017562,"Y":0.044740977252247266,"Z":0.8921462874357339},"rc0qys0nprp":{"$type":"BH.oM.Geometry.Point, Geometry_oM","X":0.9535156264684701,"Y":0.39719980321694154,"Z":0.025289176509384614}}},"FEAType":1,"Support":{"Name":"ox0gc2rd3te","TranslationX":4,"TranslationY":3,"TranslationZ":10,"RotationX":6,