{"StartNode":{"Position":{"X":0.0975499647192424,"Y":0.05609947631885273,"Z":0.3832106149677237},"Orientation":{"X":{"X":0.8827819912148556,"Y":0.09474454312340568,"Z":0.02154473169778694},"Y":{"X":0.6497635527745651,"Y":0.87206000549349,"Z":0.784832280028999},"Z":{"X":0.636095231695145,"Y":0.8870712504196312,"Z":0.4335574640117388}},"Support":{"Name":"zpcuc","TranslationalStiffnessX":0.29942274899195076,"TranslationalStiffnessY":0.07452671233309746,"TranslationalStiffnessZ":0.8525948970823525,"RotationalStiffnessX":0.3869934777668647,"RotationalStiffnessY":0.909404522697164,"RotationalStiffnessZ":0.5162090498563876,"TranslationX":11,"TranslationY":5,"TranslationZ":3,"RotationX":6,"RotationY":8,"RotationZ":11,"BHoM_Guid":"cad2bb2c-0960-431f-a1a4-f97700d411f0","Fragments":[],"Tags":[],"CustomData":{"zfeptx":{"$type":"BH.oM.Geometry.Point, Geometry_oM","X":0.8038897871989243,"Y":0.4162686240935086,"Z":0.3706222988528303},"p":{"$type":"BH.oM.Geometry.Point, Geometry_oM","X":0.0027212491271650647,"Y":0.0837878659757729,"Z":0.8082552788817581},"txpx":{"$type":"BH.oM.Geometry.Point, Geometry_oM","X":0.3061015095124494,"Y":0.637553075625353,"Z":0.7603169007973358},"fgoksl":{"$type":"BH.oM.Geometry.Point, Geometry_oM","X":0.3848908945847726,"Y":0.5342499416015344,"Z":0.04602467689943718},"wowydox":{"$type":"BH.oM.Geometry.Point, Geometry_oM","X":0.6559517232961728,"Y":0.06385954053320901,"Z":0.661124815540912},"tnw":{"$type":"BH.oM.Geometry.Point, Geometry_oM","X":0.04191356619909106,"Y":0.6435316929796393,"Z":0.4504445863191246}}},"BHoM_Guid":"815ee184-2c76-4993-a7a4-2ca621337fdd","Name":"lf","Fragments":[],"Tags":[],"CustomData":{"tji":{"$type":"BH.oM.Geometry.Point, Geometry_oM","X":0.44611319221840856,"Y":0.5557033878544827,"Z":0.8434990410895548},"ozudjsv":{"$type":"BH.oM.Geometry.Point, Geometry_oM","X":0.47829959703530167,"Y":0.2691647607223898,"Z":0.9017876619015763},"qk":{"$type":"BH.oM.Geometry.Point, Geometry_oM","X":0.32123711627034335,"Y":0.01977983257723033,"Z":0.3931624406916846}}},"EndNode":{"Position":{"X":0.42657748583079197,"Y":0.5354385969859727,"Z":0.0681593735088405},"Orientation":{"X":{"X":0.9168583699114893,"Y":0.009893261832135385,"Z":0.5297531632379411},"Y":{"X":0.2483256516271856,"Y":0.09754914189574734,"Z":0.6473367748071145},"Z":{"X":0.14356304432431377,"Y":0.49784836708467844,"Z":0.6315300369782048}},"Support":{"Name":"clao","TranslationalStiffnessX":0.8467790055306531,"TranslationalStiffnessY":0.7590808615829241,"TranslationalStiffnessZ":0.5443255303168323,"RotationalStiffnessX":0.20030637094765266,"RotationalStiffnessY":0.17079531409349075,"RotationalStiffnessZ":0.019032345627915274,"TranslationX":11,"TranslationY":2,"TranslationZ":9,"RotationX":8,"RotationY":9,"RotationZ":5,"BHoM_Guid":"326498ea-eeaa-4b66-91b7-19912c6b661e","Fragments":[],"Tags":[],"CustomData":{"fuxbdsnz":{"$type":"BH.oM.Geometry.Point, Geometry_oM","X":0.2893627231425432,"Y":0.8048000078670681,"Z":0.8544776336543624},"usnymgk":{"$type":"BH.oM.Geometry.Point, Geometry_oM","X":0.14797572751900914,"Y":0.12372539617294696,"Z":0.33101962382487005},"c":{"$type":"BH.oM.Geometry.Point, Geometry_oM","X":0.633479145184848,"Y":0.1403862354999344,"Z":0.4764393910190274},"gpxn":{"$type":"BH.oM.Geometry.Point, Geometry_oM","X":0.4283810581212775,"Y":0.7558281685951297,"Z":0.06021900338130957},"fypp":{"$type":"BH.oM.Geometry.Point, Geometry_oM","X":0.5832314247187373,"Y":0.8152641201462896,"Z":0.03760415783040419},"wo":{"$type":"BH.oM.Geometry.Point, Geometry_oM","X":0.38344760769207387,"Y":0.24011260794480918,"Z":0.06692489891635482}}},"BHoM_Guid":"831d54c0-62c0-444b-9d5e-1d55178471e2","Name":"tcrhk","Fragments":[],"Tags":[],"CustomData":{"ucnerokrh":{"$type":"BH.oM.Geometry.Point, Geometry_oM","X":0.8201063954365004,"Y":0.7948319226479307,"Z":0.3642857644540657}}},"SectionProperty":{"$type":"BH.oM.Structure.SectionProperties.AluminiumSection, Structure_oM","Name":"lum","Material":{"$type":"BH.oM.Structure.MaterialFragments.Aluminium, Structure_oM","Name":"sarrmv","Density":0.8240376630909916,"DampingRatio":0.48207420226283104,"PoissonsRatio":0.7128949326988752,"ThermalExpansionCoeff":0.9534844350784479,"YoungsModulus":0.5682503821180437,"BHoM_Guid":"e349e247-bd26-4c11-b4fb-e6025ee2d8d8","Fragments":[],"Tags":[],"CustomData":{"oc":{"$type":"BH.oM.Geometry.Point, Geometry_oM","X":0.5192420145120668,"Y":0.564195596875714,"Z":0.8943519652329162},"ayudkvl":{"$type":"BH.oM.Geometry.Point, Geometry_oM","X":0.9809710387983225,"Y":0.7732429796705222,"Z":0.03823077727026808}}},"SectionProfile":null,"Area":0.3740215382417764,"Rgy":0.5988052955823043,"Rgz":0.5795923632474581,"J":0.7154012921803636,"Iy":0.8060311883716058,"Iz":0.3424072784103487,"Iw":0.8674072133691084,"Wely":0.9542887671637762,"Welz":0.4231165612224101,"Wply":0.9740977650387668,"Wplz":0.4890802970570886,"CentreZ":0.5539555258834528,"CentreY":0.10279452153611673,"Vz":0.8789604594367372,"Vpz":0.47307402010684557,"Vy":0.16826460332063242,"Vpy":0.8531385463909891,"Asy":0.2559107985607864,"Asz":0.9004799574150145,"BHoM_Guid":"210931c3-5c07-4698-89e9-0896d26144ce","Fragments":[],"Tags":[],"CustomData":{"sfqufrw":{"$type":"BH.oM.Geometry.Point, Geometry_oM","X":0.5999614464118898,"Y":0.6770521493987424,"Z":0.4655813916891727},"bcv":{"$type":"BH.oM.Geometry.Point, Geometry_oM","X":0.8730338964951383,"Y":0.14032112627305143,"Z":0.5186704124876625}}},"OrientationAngle":0.3439948849119222,"Release":{"Name":"mnpfinx","StartRelease":{"Name":"","TranslationalStiffnessX":0.10973551734803967,"TranslationalStiffnessY":0.4051683658758031,"TranslationalStiffnessZ":0.6789940934064771,"RotationalStiffnessX":0.3039188893995801,"RotationalStiffnessY":0.30766158798134957,"RotationalStiffnessZ":0.4568024787385028,"TranslationX":8,"TranslationY":0,"TranslationZ":11,"RotationX":8,"RotationY":11,"RotationZ":4,"BHoM_Guid":"131d4209-2283-441b-8ce0-e71b0490a8fc","Fragments":[],"Tags":[],"CustomData":{"ina":{"$type":"BH.oM.Geometry.Point, Geometry_oM","X":0.9621692434708444,"Y":0.3739171486226456,"Z":0.09023207942500341}}},"EndRelease":{"Name":"gb","TranslationalStiffnessX":0.8207186054534831,"TranslationalStiffnessY":0.7174001027445309,"TranslationalStiffnessZ":0.6473102921840317,"RotationalStiffnessX":0.7860592472302071,"RotationalStiffnessY":0.09082044618708102,"RotationalStiffnessZ":0.7632983791470985,"TranslationX":9,"TranslationY":10,"TranslationZ":10,"RotationX":0,"RotationY":0,"RotationZ":10,"BHoM_Guid":"ff767962-56bc-4b54-8b0b-e016ba8a29e9","Fragments":[],"Tags":[],"CustomData":{"hfw":{"$type":"BH.oM.Geometry.Point, Geometry_oM","X":0.6961263440065675,"Y":0.9749770630034511,"Z":0.5024388122849347},"bif":{"$type":"BH.oM.Geometry.Point, Geometry_oM","X":0.4857303637479108,"Y":0.6349534837691828,"Z":0.9062770870077783}}},"BHoM_Guid":"8fbb636d-a536-4a56-92cd-3f0af7677a6d","Fragments":[],"Tags":[],"CustomData":{"pzlvk":{"$type":"BH.oM.Geometry.Point, Geometry_oM","X":0.729035086337959,"Y":0.7849472313117921,"Z":0.31122051799261036},"c":{"$type":"BH.oM.Geometry.Point, Geometry_oM","X":0.40567406146120005,"Y":0.845741542450032,"Z":0.21496129045959622},"a":{"$type":"BH.oM.Geometry.Point, Geometry_oM","X":0.4202164739464486,"Y":0.1810938288369653,"Z":0.5696964406267258},"epmdl":{"$type":"BH.oM.Geometry.Point, Geometry_oM","X":0.23396277717964853,"Y":0.6565646690579898,"Z":0.8880058456622091},"ajlpelme":{"$type":"BH.oM.Geometry.Point, Geometry_oM","X":0.17131784519707682,"Y":0.8709495099591787,"Z":0.45682659300827727}}},"FEAType":0,"Support":{"Name":"kfgdom","TranslationX":0,"TranslationY":11,"TranslationZ":10,"RotationX":2,"TranslationalStiffnessX":0.5251612418914033,"TranslationalStiffnessY":0.1635533530095375,"TranslationalStiffnessZ":0.5563697985170268,"RotationalStiffnessX":0.4029520658789911,"BHoM_Guid":"fd90d9e4-80df-4581-97f9-b6c3d28e9540","Fragments":[],"Tags":[],"CustomData":{"arh":{"$type":"BH.oM.Geometry.Point, Geometry_oM","X":0.06264493198257169,"Y":0.7856151590988111,"Z":0.43117925265393187},