{"StartNode":{"Position":{"X":0.7723082554397678,"Y":0.7258018351745801,"Z":0.0807547341476915},"Orientation":{"X":{"X":0.25015431887011713,"Y":0.6186660340142743,"Z":0.18200353355240242},"Y":{"X":0.8479115342944449,"Y":0.4468105418825571,"Z":0.9280859003439945},"Z":{"X":0.23503873228795769,"Y":0.6892499950198689,"Z":0.23779018606887672}},"Support":{"Name":"z0rkgnb4152","TranslationalStiffnessX":0.32883503396475455,"TranslationalStiffnessY":0.971478831475358,"TranslationalStiffnessZ":0.8450064658396907,"RotationalStiffnessX":0.2586934088071312,"RotationalStiffnessY":0.15472273722045252,"RotationalStiffnessZ":0.16014537082991812,"TranslationX":5,"TranslationY":11,"TranslationZ":5,"RotationX":4,"RotationY":4,"RotationZ":5,"BHoM_Guid":"ce4c6782-9a77-49b2-8a06-43d5776b9965","Fragments":[],"Tags":[],"CustomData":{"2ajjhip3yn0":{"$type":"BH.oM.Geometry.Point, Geometry_oM","X":0.5080036043692397,"Y":0.9811273887665605,"Z":0.7964976908622764},"4qmkfhti5hc":{"$type":"BH.oM.Geometry.Point, Geometry_oM","X":0.9429791080499902,"Y":0.8032426637612482,"Z":0.756545974293978},"1qadvdjusxv":{"$type":"BH.oM.Geometry.Point, Geometry_oM","X":0.7960820453223223,"Y":0.8156072417346795,"Z":0.807878298595491},"nhxborma3xi":{"$type":"BH.oM.Geometry.Point, Geometry_oM","X":0.21549874600744748,"Y":0.8576369424618953,"Z":0.8251291936380459},"szlxjew20yt":{"$type":"BH.oM.Geometry.Point, Geometry_oM","X":0.8612620122084683,"Y":0.40542843165128883,"Z":0.2625857401930661}}},"BHoM_Guid":"54906f5b-7633-412b-8a96-3ed45bf713ab","Name":"vb5gkicnwfy","Fragments":[],"Tags":[],"CustomData":{"1xsearodc00":{"$type":"BH.oM.Geometry.Point, Geometry_oM","X":0.251834405703393,"Y":0.5443192727604506,"Z":0.7901018819725615},"j3csulsnnyc":{"$type":"BH.oM.Geometry.Point, Geometry_oM","X":0.3730096041099213,"Y":0.5059933301554962,"Z":0.04504902197283182},"ip5wms5jvws":{"$type":"BH.oM.Geometry.Point, Geometry_oM","X":0.09340014359606437,"Y":0.3996794966048,"Z":0.3621025124388293},"u5ttnrqk5vl":{"$type":"BH.oM.Geometry.Point, Geometry_oM","X":0.0384031715981677,"Y":0.11066242964503469,"Z":0.20087614478584198}}},"EndNode":{"Position":{"X":0.0747354058896822,"Y":0.9851067922940043,"Z":0.4317960685267095},"Orientation":{"X":{"X":0.932704020725891,"Y":0.3112882740382516,"Z":0.5327529886424323},"Y":{"X":0.15587158974067847,"Y":0.03712816724419974,"Z":0.48544997791082134},"Z":{"X":0.939223991213005,"Y":0.3025084283680229,"Z":0.6351128507569026}},"Support":{"Name":"ufmcqbwcfuf","TranslationalStiffnessX":0.029510010978910147,"TranslationalStiffnessY":0.5260532538062209,"TranslationalStiffnessZ":0.9672003271836789,"RotationalStiffnessX":0.10111358254268467,"RotationalStiffnessY":0.3521037112698442,"RotationalStiffnessZ":0.13810916065150367,"TranslationX":3,"TranslationY":5,"TranslationZ":0,"RotationX":10,"RotationY":7,"RotationZ":3,"BHoM_Guid":"40c3ed4b-5b74-456c-8cb6-1c2910aad543","Fragments":[],"Tags":[],"CustomData":{"dg5baqwcx2f":{"$type":"BH.oM.Geometry.Point, Geometry_oM","X":0.28443350702730635,"Y":0.702681901726258,"Z":0.41592774512987946},"dcngfcxa2w2":{"$type":"BH.oM.Geometry.Point, Geometry_oM","X":0.11986731184640309,"Y":0.17709557440927978,"Z":0.7469745128168606},"3ffu2rkb1te":{"$type":"BH.oM.Geometry.Point, Geometry_oM","X":0.7901808199427002,"Y":0.7865266063187861,"Z":0.42032163935728445},"xz1zk04rhnn":{"$type":"BH.oM.Geometry.Point, Geometry_oM","X":0.14257088310204952,"Y":0.7623537125821941,"Z":0.7190814170609607},"qyw4udwpw5y":{"$type":"BH.oM.Geometry.Point, Geometry_oM","X":0.7529737147283618,"Y":0.04137086032022296,"Z":0.43378561289691625}}},"BHoM_Guid":"34851619-891b-401a-aaf6-328a032567e9","Name":"nrm00c3q0jv","Fragments":[],"Tags":[],"CustomData":{"ydttgtracdi":{"$type":"BH.oM.Geometry.Point, Geometry_oM","X":0.6125583940244086,"Y":0.5673468897898434,"Z":0.4324791694211211},"ggflnxhmz1l":{"$type":"BH.oM.Geometry.Point, Geometry_oM","X":0.3012724077800626,"Y":0.9002940109466641,"Z":0.854493230979188},"3v3iyjxz0by":{"$type":"BH.oM.Geometry.Point, Geometry_oM","X":0.04501803454245349,"Y":0.22948110812785155,"Z":0.4151372883539355}}},"SectionProperty":{"$type":"BH.oM.Structure.SectionProperties.AluminiumSection, Structure_oM","Name":null,"Material":null,"SectionProfile":null,"Area":0.22120706840474488,"Rgy":0.026854767010945253,"Rgz":0.8300710869161743,"J":0.739943844610799,"Iy":0.5913523810875381,"Iz":0.36558266606441825,"Iw":0.7621284168037252,"Wely":0.5555339155511623,"Welz":0.010859801904698742,"Wply":0.23932919103621003,"Wplz":0.7395266474874349,"CentreZ":0.5468786878263944,"CentreY":0.27032391087632807,"Vz":0.20953282816779467,"Vpz":0.37575544806930955,"Vy":0.5370877816048859,"Vpy":0.048360432986337895,"Asy":0.25342209416135314,"Asz":0.8038834374416077,"BHoM_Guid":"225dbfec-5ef1-4132-a247-e52daa2d8b1c","Fragments":[],"Tags":[],"CustomData":{}},"OrientationAngle":0.13618389104315262,"Release":{"Name":"4qwelm3smw5","StartRelease":{"Name":"fq3xnt5zkrb","TranslationalStiffnessX":0.0937644318182787,"TranslationalStiffnessY":0.30156078110521695,"TranslationalStiffnessZ":0.6718751130028977,"RotationalStiffnessX":0.13533501193641453,"RotationalStiffnessY":0.9834485757087583,"RotationalStiffnessZ":0.18478685626051708,"TranslationX":10,"TranslationY":3,"TranslationZ":11,"RotationX":11,"RotationY":9,"RotationZ":7,"BHoM_Guid":"3ae02415-4529-471a-ac6b-3585bcc95741","Fragments":[],"Tags":[],"CustomData":{}},"EndRelease":{"Name":"awf0xf3suny","TranslationalStiffnessX":0.6962429367453992,"TranslationalStiffnessY":0.9213638146973047,"TranslationalStiffnessZ":0.7354989455712488,"RotationalStiffnessX":0.8890103301447865,"RotationalStiffnessY":0.648503838408973,"RotationalStiffnessZ":0.16162133364082376,"TranslationX":8,"TranslationY":8,"TranslationZ":8,"RotationX":5,"RotationY":4,"RotationZ":10,"BHoM_Guid":"9d488be4-a301-43bf-ac3e-1062b79328f1","Fragments":[],"Tags":[],"CustomData":{"zdju211dyj2":{"$type":"BH.oM.Geometry.Point, Geometry_oM","X":0.9906650190198165,"Y":0.09173957961226793,"Z":0.5245385628773545},"fxivqnbqmkd":{"$type":"BH.oM.Geometry.Point, Geometry_oM","X":0.7157075957933942,"Y":0.7915959403811004,"Z":0.4255976706862439},"nh4juwh52nr":{"$type":"BH.oM.Geometry.Point, Geometry_oM","X":0.04078230310267876,"Y":0.9196462872995279,"Z":0.3549796540080475},"p5wpc4sojki":{"$type":"BH.oM.Geometry.Point, Geometry_oM","X":0.7564952689020407,"Y":0.40656552482702096,"Z":0.5469877619980777},"i215e2eou3h":{"$type":"BH.oM.Geometry.Point, Geometry_oM","X":0.6630526337134897,"Y":0.1506747818322269,"Z":0.49416640563596337}}},"BHoM_Guid":"df1d21ff-03fa-41b6-b22b-a607381544b8","Fragments":[],"Tags":[],"CustomData":{"bavqdiui1jj":{"$type":"BH.oM.Geometry.Point, Geometry_oM","X":0.574080974130929,"Y":0.28816901347049,"Z":0.6402565024980607},"zjrgfcxarq4":{"$type":"BH.oM.Geometry.Point, Geometry_oM","X":0.3998565945773649,"Y":0.09180076052052935,"Z":0.12809524318580295},"d51mfqzpadj":{"$type":"BH.oM.Geometry.Point, Geometry_oM","X":0.44581344558196767,"Y":0.9024844117939865,"Z":0.29864591001469915},"dvlvfeuygla":{"$type":"BH.oM.Geometry.Point, Geometry_oM","X":0.09784809411403168,"Y":0.19412183724070053,"Z":0.7268553244540725},"vofqgrd4ypi":{"$type":"BH.oM.Geometry.Point, Geometry_oM","X":0.5750758324633706,"Y":0.14447742427907764,"Z":0.9535668450191462}}},"FEAType":2,"Support":{"Name":"xq5zo33yezg","TranslationX":8,"TranslationY":0,"TranslationZ":4,"RotationX":2,"TranslationalStiffnessX":0.8920085695069323,"TranslationalStiffnessY":0.7550558088138029,"TranslationalStiffnessZ":0.128800432257727,"RotationalStiffnessX":0.1863303427520815,"BHoM_Guid":"d0e9982a-8d47-46d4-8b2d-57fc586daea8","Fragments":[],"Tags":[],"CustomData":{"k1pk41enqnw":{"$type":"BH.oM.Geometry.Point, Geometry_oM","X":0.2484015874790035,"Y":0.8790627973522352,"Z":0.6453390930059082},"ge2oqwy1lft":{"$type":"BH.oM.Geometry.Point, Geometry_oM","X":0.41658404488888756,"Y":0.8035705661417779,"Z":0.8842820603792938},"aik21i2fdw0":{"$type":"BH.oM.Geometry.Point, Geometry_oM","X":0.31585100121602927,"Y":0.699795179860571,"Z":0.2975024275004409},