{"StartNode":{"Position":{"X":0.34834292640366726,"Y":0.34886398042964933,"Z":0.06830034221909025},"Orientation":{"X":{"X":0.5060015933150434,"Y":0.2470657249200464,"Z":0.4953183240701064},"Y":{"X":0.6220284400610385,"Y":0.8637570477387668,"Z":0.5957935976776264},"Z":{"X":0.441224180367414,"Y":0.7823202692821251,"Z":0.012855318380918036}},"Support":{"Name":"4gfgf4vnbui","TranslationalStiffnessX":0.9362989985087417,"TranslationalStiffnessY":0.3394063479916222,"TranslationalStiffnessZ":0.3492589818077437,"RotationalStiffnessX":0.6370823041708592,"RotationalStiffnessY":0.3687706735771013,"RotationalStiffnessZ":0.3566297815910679,"TranslationX":3,"TranslationY":4,"TranslationZ":8,"RotationX":8,"RotationY":8,"RotationZ":9,"BHoM_Guid":"58023f63-1dd1-46e7-a680-ca34cc9f090d","Fragments":[],"Tags":[],"CustomData":{"ayfq3wp1shc":{"$type":"BH.oM.Geometry.Point, Geometry_oM","X":0.722415968646489,"Y":0.29233466381781487,"Z":0.9390948977969097},"htzyzi4icl5":{"$type":"BH.oM.Geometry.Point, Geometry_oM","X":0.5658276377086656,"Y":0.7594326309670846,"Z":0.34003828574905093},"mhhgsmih2tf":{"$type":"BH.oM.Geometry.Point, Geometry_oM","X":0.2504215525698017,"Y":0.8486273534822405,"Z":0.42489901903313537}}},"BHoM_Guid":"bc4e9d05-396c-4218-8385-1ade6be56789","Name":"jjwqr1cgv5k","Fragments":[],"Tags":[],"CustomData":{"zbxi20kkuop":{"$type":"BH.oM.Geometry.Point, Geometry_oM","X":0.7370313171935413,"Y":0.4134151043432835,"Z":0.813802570017894},"3riolecx4b1":{"$type":"BH.oM.Geometry.Point, Geometry_oM","X":0.22721395372749026,"Y":0.3480215227920662,"Z":0.6748111982246913},"jtwuziuxboj":{"$type":"BH.oM.Geometry.Point, Geometry_oM","X":0.9394756178089769,"Y":0.6428444048589302,"Z":0.8366059497169247},"dqozti2qoec":{"$type":"BH.oM.Geometry.Point, Geometry_oM","X":0.7874645939038436,"Y":0.21998507074079712,"Z":0.8679462079275149},"ietaj5424oa":{"$type":"BH.oM.Geometry.Point, Geometry_oM","X":0.5472386463299573,"Y":0.7025893939205397,"Z":0.7104479282677397},"ui0b3sr0uvg":{"$type":"BH.oM.Geometry.Point, Geometry_oM","X":0.7965173180198843,"Y":0.5246497562735574,"Z":0.20298366025229156},"cg4fm4fteox":{"$type":"BH.oM.Geometry.Point, Geometry_oM","X":0.05485226169920166,"Y":0.029965959968960825,"Z":0.6817915494003294},"14jajvfqlyf":{"$type":"BH.oM.Geometry.Point, Geometry_oM","X":0.602935485356923,"Y":0.68587744593894,"Z":0.4907789945093817},"iskl30sotrj":{"$type":"BH.oM.Geometry.Point, Geometry_oM","X":0.5734741732354621,"Y":0.6553730935116173,"Z":0.6195984643975265},"1yeuiwjmmbc":{"$type":"BH.oM.Geometry.Point, Geometry_oM","X":0.5082476346326282,"Y":0.8825213321868896,"Z":0.4185395787556374}}},"EndNode":{"Position":{"X":0.07179220862304429,"Y":0.4738788853743481,"Z":0.7829403508375121},"Orientation":{"X":{"X":0.6494902589588847,"Y":0.10248894807998507,"Z":0.07303255567002695},"Y":{"X":0.778363043804822,"Y":0.5394475602262875,"Z":0.472092077821536},"Z":{"X":0.03548134958161104,"Y":0.7031829062398444,"Z":0.1460379595617009}},"Support":{"Name":"sarvcbulpdw","TranslationalStiffnessX":0.7144510907653957,"TranslationalStiffnessY":0.7419111955640424,"TranslationalStiffnessZ":0.9168802620455997,"RotationalStiffnessX":0.21238156091998403,"RotationalStiffnessY":0.21043144409099196,"RotationalStiffnessZ":0.13086902775376524,"TranslationX":9,"TranslationY":2,"TranslationZ":8,"RotationX":3,"RotationY":8,"RotationZ":3,"BHoM_Guid":"a7a12dde-1943-45b0-91f4-ae01716cea49","Fragments":[],"Tags":[],"CustomData":{"cned01dyltn":{"$type":"BH.oM.Geometry.Point, Geometry_oM","X":0.9122459869423164,"Y":0.16239805713407604,"Z":0.13209150039222628},"om24lkuol3i":{"$type":"BH.oM.Geometry.Point, Geometry_oM","X":0.006087833552662206,"Y":0.8661908488097558,"Z":0.6647173141430678},"ym1v1ycnec1":{"$type":"BH.oM.Geometry.Point, Geometry_oM","X":0.4200533988978962,"Y":0.24990472674831038,"Z":0.3226384326455362},"fgfza3swjq1":{"$type":"BH.oM.Geometry.Point, Geometry_oM","X":0.553493401293407,"Y":0.5804445941841437,"Z":0.9818197060291747},"nbidftnwotx":{"$type":"BH.oM.Geometry.Point, Geometry_oM","X":0.1423439891740419,"Y":0.9701899057115381,"Z":0.5674541357753119},"ujytswa5iws":{"$type":"BH.oM.Geometry.Point, Geometry_oM","X":0.34474103494768077,"Y":0.20990887200921254,"Z":0.8315629776714197},"j1hhvzhs2hf":{"$type":"BH.oM.Geometry.Point, Geometry_oM","X":0.4072169034775425,"Y":0.6514269302838608,"Z":0.377378606878863}}},"BHoM_Guid":"206f2d4a-1161-41f8-bbbc-7fc4f958ae55","Name":"djunapuvg0m","Fragments":[],"Tags":[],"CustomData":{"5xhd2mea3zn":{"$type":"BH.oM.Geometry.Point, Geometry_oM","X":0.6241645559781066,"Y":0.8392629939314271,"Z":0.8412089808104601},"kokox1gc0tx":{"$type":"BH.oM.Geometry.Point, Geometry_oM","X":0.4974248486093361,"Y":0.19024296113766867,"Z":0.9106344985359509},"u4ihbtxjtar":{"$type":"BH.oM.Geometry.Point, Geometry_oM","X":0.9390609538830169,"Y":0.4660042442688738,"Z":0.16929050077185523}}},"SectionProperty":{"$type":"BH.oM.Structure.SectionProperties.AluminiumSection, Structure_oM","Name":null,"Material":null,"SectionProfile":null,"Area":0.8619881443967987,"Rgy":0.2943976918674995,"Rgz":0.492006468815732,"J":0.5942418294000634,"Iy":0.4706721554839388,"Iz":0.656938042797585,"Iw":0.5504244335696215,"Wely":0.7217925082527997,"Welz":0.9456450775943906,"Wply":0.5238859842176949,"Wplz":0.26233930898007907,"CentreZ":0.06521576878857602,"CentreY":0.2709036321709415,"Vz":0.8073243754018677,"Vpz":0.7023371149331038,"Vy":0.33083507946265633,"Vpy":0.3935986689262086,"Asy":0.19316970286572804,"Asz":0.35466090326880145,"BHoM_Guid":"9fd4ed85-4842-46ef-a949-a70562110337","Fragments":[],"Tags":[],"CustomData":{}},"OrientationAngle":0.4888122419308928,"Release":{"Name":"yyxrv2fzn5e","StartRelease":{"Name":"bvtkivmmjib","TranslationalStiffnessX":0.4858081962381528,"TranslationalStiffnessY":0.06275823016779415,"TranslationalStiffnessZ":0.7958888429197897,"RotationalStiffnessX":0.41064173281688326,"RotationalStiffnessY":0.48142945183507607,"RotationalStiffnessZ":0.21236722646857017,"TranslationX":0,"TranslationY":5,"TranslationZ":0,"RotationX":7,"RotationY":2,"RotationZ":6,"BHoM_Guid":"6aa262c4-7d28-4948-aa05-294ca23c5b33","Fragments":[],"Tags":[],"CustomData":{"1o15yx4d5og":{"$type":"BH.oM.Geometry.Point, Geometry_oM","X":0.944228947602319,"Y":0.48275289055088205,"Z":0.9155111801417131},"vnbh4b2m3a3":{"$type":"BH.oM.Geometry.Point, Geometry_oM","X":0.14425100206595426,"Y":0.9365447479936037,"Z":0.9944888874862757},"5zxlkdgi0hb":{"$type":"BH.oM.Geometry.Point, Geometry_oM","X":0.4571166096521153,"Y":0.27564650740271734,"Z":0.10027857176041165},"peg00tpobds":{"$type":"BH.oM.Geometry.Point, Geometry_oM","X":0.7759932120218841,"Y":0.25843854679653355,"Z":0.6901004732074684},"acw2b14htqr":{"$type":"BH.oM.Geometry.Point, Geometry_oM","X":0.5797994190732946,"Y":0.2526728744863872,"Z":0.7458912510172889}}},"EndRelease":{"Name":"ux2er5fivjs","TranslationalStiffnessX":0.6804782588409625,"TranslationalStiffnessY":0.5526573958586237,"TranslationalStiffnessZ":0.7992299142290046,"RotationalStiffnessX":0.4985088489477098,"RotationalStiffnessY":0.0813647359988488,"RotationalStiffnessZ":0.11281237756498734,"TranslationX":3,"TranslationY":7,"TranslationZ":2,"RotationX":8,"RotationY":4,"RotationZ":4,"BHoM_Guid":"1b85c893-59e9-4097-baa4-1229bedfa129","Fragments":[],"Tags":[],"CustomData":{"50folz3ah0e":{"$type":"BH.oM.Geometry.Point, Geometry_oM","X":0.6670521337851193,"Y":0.3266746845686225,"Z":0.3245714848509857},"v2fbl3fvmo4":{"$type":"BH.oM.Geometry.Point, Geometry_oM","X":0.9912785706069687,"Y":0.24934766686025434,"Z":0.25662495487212433},"dtbzrcitrm2":{"$type":"BH.oM.Geometry.Point, Geometry_oM","X":0.6618580686216513,"Y":0.02869158658603746,"Z":0.7871117227650768},"f30055kh1vg":{"$type":"BH.oM.Geometry.Point, Geometry_oM","X":0.8337180478655352,"Y":0.7054362398131919,"Z":0.9539286796720367},"r5wioj21xlw":{"$type":"BH.oM.Geometry.Point, Geometry_oM","X":0.9022957868419103,"Y":0.49138578841992925,"Z":0.35265849826515583},"ydqt0bwsk0z":{"$type":"BH.oM.Geometry.Point, Geometry_oM","X":0.39284232044259193,