{"StartNode":{"Position":{"X":0.7799942017439726,"Y":0.6251176104997832,"Z":0.15964651441185107},"Orientation":{"X":{"X":0.40369343031369775,"Y":0.23002134041396033,"Z":0.4596450386846648},"Y":{"X":0.11962739570048982,"Y":0.526244419406282,"Z":0.5524096654506445},"Z":{"X":0.8900675293477567,"Y":0.37084108142687056,"Z":0.4533957869063112}},"Support":{"Name":"opjyao10xn2","TranslationalStiffnessX":0.1732991119722366,"TranslationalStiffnessY":0.22068506582672012,"TranslationalStiffnessZ":0.5580699576801015,"RotationalStiffnessX":0.7935922228701376,"RotationalStiffnessY":0.5069318639612439,"RotationalStiffnessZ":0.33053058075277625,"TranslationX":7,"TranslationY":6,"TranslationZ":9,"RotationX":9,"RotationY":9,"RotationZ":2,"BHoM_Guid":"5344c5f7-1d88-46e3-b547-05f0be3315f3","Fragments":[],"Tags":[],"CustomData":{"mehvbvk5oil":{"$type":"BH.oM.Geometry.Point, Geometry_oM","X":0.6600549321901309,"Y":0.13114807155502406,"Z":0.4963828839810485},"rdlxgo1nxy0":{"$type":"BH.oM.Geometry.Point, Geometry_oM","X":0.4696941699225894,"Y":0.7216898308702232,"Z":0.9584468933560173},"esax4g1vtjw":{"$type":"BH.oM.Geometry.Point, Geometry_oM","X":0.784815120876215,"Y":0.10316787571793788,"Z":0.4373158591041881},"tqzu1xxdfnv":{"$type":"BH.oM.Geometry.Point, Geometry_oM","X":0.7900956802955342,"Y":0.8170866415915483,"Z":0.9380580503205108}}},"BHoM_Guid":"6cf98479-0943-44ca-84f1-5a640c612bfa","Name":"1tv3a3mbjto","Fragments":[],"Tags":[],"CustomData":{"chdddy5wdg0":{"$type":"BH.oM.Geometry.Point, Geometry_oM","X":0.19382711602087463,"Y":0.4498798481420986,"Z":0.8117035598548611},"xegu1odfwfz":{"$type":"BH.oM.Geometry.Point, Geometry_oM","X":0.7612948621442983,"Y":0.3539849824057822,"Z":0.4001649512910121},"5zr1tmmqjv4":{"$type":"BH.oM.Geometry.Point, Geometry_oM","X":0.6881271659806963,"Y":0.5912912243936636,"Z":0.3000477311667277},"k4shnvzlwpt":{"$type":"BH.oM.Geometry.Point, Geometry_oM","X":0.598419303818801,"Y":0.04232775934148941,"Z":0.9105833628729839},"dqhrxvz0fb2":{"$type":"BH.oM.Geometry.Point, Geometry_oM","X":0.000191552564590961,"Y":0.5699664082238294,"Z":0.3284969671296407},"z2jom1h320y":{"$type":"BH.oM.Geometry.Point, Geometry_oM","X":0.2500713203335513,"Y":0.08271549552805511,"Z":0.1683776984775335},"12ucqnqbxic":{"$type":"BH.oM.Geometry.Point, Geometry_oM","X":0.11267589503558162,"Y":0.3884839910960216,"Z":0.11751719010878224}}},"EndNode":{"Position":{"X":0.03780835961820947,"Y":0.7168361836657097,"Z":0.513443939161228},"Orientation":{"X":{"X":0.6606687706246361,"Y":0.31675347421167116,"Z":0.8698879018751382},"Y":{"X":0.5438393263816085,"Y":0.2646543994847007,"Z":0.41169209518083005},"Z":{"X":0.9645281955434606,"Y":0.8987600700458326,"Z":0.7771630891492418}},"Support":{"Name":"au4npv5ybxz","TranslationalStiffnessX":0.09621793269003645,"TranslationalStiffnessY":0.641794853211285,"TranslationalStiffnessZ":0.7815670039418932,"RotationalStiffnessX":0.1303986064765596,"RotationalStiffnessY":0.6583991621892895,"RotationalStiffnessZ":0.7648893151268779,"TranslationX":2,"TranslationY":0,"TranslationZ":6,"RotationX":10,"RotationY":10,"RotationZ":3,"BHoM_Guid":"5d59e757-9c05-40bf-ad49-400e427fa4b7","Fragments":[],"Tags":[],"CustomData":{"r3y1eotxngj":{"$type":"BH.oM.Geometry.Point, Geometry_oM","X":0.588590992888711,"Y":0.6454907551619646,"Z":0.11111162049281952},"ippattybx0m":{"$type":"BH.oM.Geometry.Point, Geometry_oM","X":0.3993093717840078,"Y":0.3262977871700645,"Z":0.3728108710482767},"p3msiiaxrd5":{"$type":"BH.oM.Geometry.Point, Geometry_oM","X":0.2794108527150987,"Y":0.5965698862432361,"Z":0.9712909823149867}}},"BHoM_Guid":"b90da2d9-b081-4c85-8024-e84fbf5f1855","Name":"nfqlf3nwshn","Fragments":[],"Tags":[],"CustomData":{"otoyprb5ebf":{"$type":"BH.oM.Geometry.Point, Geometry_oM","X":0.2590771025321805,"Y":0.7285314019436628,"Z":0.4984884329598809},"w4ysdmqftfl":{"$type":"BH.oM.Geometry.Point, Geometry_oM","X":0.5245587641953299,"Y":0.03566335702113032,"Z":0.6712063381779968},"srgmbez4w3h":{"$type":"BH.oM.Geometry.Point, Geometry_oM","X":0.5270265790294049,"Y":0.6082764671222662,"Z":0.301148491586162}}},"SectionProperty":{"$type":"BH.oM.Structure.SectionProperties.TimberSection, Structure_oM","Name":null,"Material":null,"SectionProfile":{"$type":"BH.oM.Spatial.ShapeProfiles.ZSectionProfile, Spatial_oM","Shape":8,"Height":0.7539950258815638,"FlangeWidth":0.3477865799087037,"WebThickness":0.2020881740386077,"FlangeThickness":0.05667707373233376,"RootRadius":0.5940216023447092,"ToeRadius":0.2182753557424412,"MirrorAboutLocalZ":true,"Edges":[{"$type":"BH.oM.Geometry.Polyline, Geometry_oM","ControlPoints":[{"X":0.7281624813229602,"Y":0.22439714671317354,"Z":0.432727705888789},{"X":0.012382723396822216,"Y":0.6382304083733961,"Z":0.5259491989975559},{"X":0.8168070799749377,"Y":0.04522496696804881,"Z":0.8102760216269065}]}],"BHoM_Guid":"ccda61de-5178-4563-a091-9499ad8f8900","Name":"","Fragments":[],"Tags":[],"CustomData":{}},"Area":0.5058122125946973,"Rgy":0.45786441511375103,"Rgz":0.5623516834165676,"J":0.8808035328429209,"Iy":0.2949742396804384,"Iz":0.754240770709813,"Iw":0.575913895189722,"Wely":0.05822720521047116,"Welz":0.0615644138593061,"Wply":0.0372142880396984,"Wplz":0.8099631289066576,"CentreZ":0.24352305766359114,"CentreY":0.6453143459024441,"Vz":0.9785112072613608,"Vpz":0.17072269700966902,"Vy":0.17979071856466622,"Vpy":0.6853892503703894,"Asy":0.37829453050079503,"Asz":0.0443589263802203,"BHoM_Guid":"5b6bb0ba-27c2-42a5-94f3-4da5504a5aed","Fragments":[],"Tags":[],"CustomData":{}},"OrientationAngle":0.8115235794389265,"Release":{"Name":"5nzrkbeeudt","StartRelease":{"Name":"hvjy01cs0qq","TranslationalStiffnessX":0.5882712731083256,"TranslationalStiffnessY":0.5309146212092203,"TranslationalStiffnessZ":0.5041342552304893,"RotationalStiffnessX":0.06576072707109187,"RotationalStiffnessY":0.6627767135681476,"RotationalStiffnessZ":0.5121760407985076,"TranslationX":5,"TranslationY":1,"TranslationZ":0,"RotationX":9,"RotationY":7,"RotationZ":6,"BHoM_Guid":"0746f035-10e9-4e7d-89b8-f42d2159c85b","Fragments":[],"Tags":[],"CustomData":{"aytxvgatoqt":{"$type":"BH.oM.Geometry.Point, Geometry_oM","X":0.7349748242343659,"Y":0.8419743673140063,"Z":0.7442237589248567},"xvprjuhpitj":{"$type":"BH.oM.Geometry.Point, Geometry_oM","X":0.7132180695017883,"Y":0.9233011160620028,"Z":0.17269128522495333},"yluyoio1ju2":{"$type":"BH.oM.Geometry.Point, Geometry_oM","X":0.992880482223295,"Y":0.6665980674636541,"Z":0.18718285867347514},"bi3wsg0ju1l":{"$type":"BH.oM.Geometry.Point, Geometry_oM","X":0.7396291921565445,"Y":0.3670683774943782,"Z":0.6597192011120353},"bacggow33ob":{"$type":"BH.oM.Geometry.Point, Geometry_oM","X":0.36090457828757566,"Y":0.13141782960454831,"Z":0.6669304364672538},"rz0odiwby5e":{"$type":"BH.oM.Geometry.Point, Geometry_oM","X":0.24102774180519754,"Y":0.43074892853887237,"Z":0.974897591385477},"nicm4xweng1":{"$type":"BH.oM.Geometry.Point, Geometry_oM","X":0.49659095634547573,"Y":0.21802681927477327,"Z":0.7827981988819308}}},"EndRelease":{"Name":"bcwujqdbt5q","TranslationalStiffnessX":0.43065675600928105,"TranslationalStiffnessY":0.04758862408231414,"TranslationalStiffnessZ":0.35134491480483904,"RotationalStiffnessX":0.47416278788548094,"RotationalStiffnessY":0.31909065894740196,"RotationalStiffnessZ":0.2580952869067412,"TranslationX":11,"TranslationY":1,"TranslationZ":5,"RotationX":8,"RotationY":12,"RotationZ":5,"BHoM_Guid":"0c0ff329-7f28-4cda-9e59-2540df190835","Fragments":[],"Tags":[],"CustomData":{"zzpslpaqjin":{"$type":"BH.oM.Geometry.Point, Geometry_oM","X":0.12111376883513936,"Y":0.5953907908850307,"Z":0.8643165537455662},"azsvjyy10vf":{"$type":"BH.oM.Geometry.Point, Geometry_oM","X":0.44299615008896037,"Y":0.9231475214116031,"Z":0.14510766330412947},"vgmoykzkohf":{"$type":"BH.oM.Geometry.Point, Geometry_oM","X":0.7900306371925542,"Y":0.6497340028405814,"Z":0.5788016694499187},"shezrsb2k3f":{"$type":"BH.oM.Geometry.Point, Geometry_oM","X":0.7249553747125693,"Y":0.7444000289516524,"Z":0.3042258956954935},"jsjhwhwbghp":{"$type":"BH.oM.Geometry.Point, Geometry_oM",