{"StartNode":{"Position":{"X":0.5962285555881581,"Y":0.8210543044009498,"Z":0.7058763628387248},"Orientation":{"X":{"X":0.11310090129873757,"Y":0.15346121841737126,"Z":0.8352757915087398},"Y":{"X":0.8906703819011665,"Y":0.5956608748974562,"Z":0.7601361641474702},"Z":{"X":0.6100318779284283,"Y":0.9710359051688742,"Z":0.4956720012685619}},"Support":{"Name":"0sd4tr15aof","TranslationalStiffnessX":0.49749481188948025,"TranslationalStiffnessY":0.6149322421359514,"TranslationalStiffnessZ":0.4671386030815256,"RotationalStiffnessX":0.8279648324604914,"RotationalStiffnessY":0.8623010184905963,"RotationalStiffnessZ":0.457892363638567,"TranslationX":5,"TranslationY":6,"TranslationZ":8,"RotationX":11,"RotationY":11,"RotationZ":6,"BHoM_Guid":"0c32906d-b5ab-440f-9e66-a59e6e418dc9","Fragments":[],"Tags":[],"CustomData":{"upgi5w2epne":{"X":0.5101702560252371,"Y":0.1446764041412046,"Z":0.4479604765996153},"vhenhm1l51b":{"X":0.6899841179558933,"Y":0.13149291283054879,"Z":0.30179429068313646},"odcbinhl2hm":{"X":0.9273495594632577,"Y":0.45011505784937883,"Z":0.06256423101879853}}},"BHoM_Guid":"6b4b3b93-e228-4ec6-959d-302d39977c9c","Name":"efrd1zrdn2z","Fragments":[],"Tags":[],"CustomData":{"gvvtzljcxhm":{"X":0.7088646561414305,"Y":0.5527408689040415,"Z":0.7644945042042501},"32r3mpam53a":{"X":0.858409198400755,"Y":0.754318996683843,"Z":0.6166440363119562},"tij2sjj1v5y":{"X":0.5177154953208358,"Y":0.340254569118961,"Z":0.2312995466549413},"34o2w4umpy2":{"X":0.05842178457343103,"Y":0.5228703257268622,"Z":0.4982482034239211},"2rxja2lry4p":{"X":0.08448594719380417,"Y":0.7143017713512768,"Z":0.9330303594158172}}},"EndNode":{"Position":{"X":0.9629345945841328,"Y":0.6432909623921341,"Z":0.6905993873675351},"Orientation":{"X":{"X":0.4427099053015513,"Y":0.7861877576383705,"Z":0.07015204619157689},"Y":{"X":0.4785389650978795,"Y":0.6692416144857377,"Z":0.09089217106387586},"Z":{"X":0.5701452524262226,"Y":0.1648171842865726,"Z":0.40457437206272706}},"Support":{"Name":"fbkkw0hltyt","TranslationalStiffnessX":0.7398194022196435,"TranslationalStiffnessY":0.7518626487589734,"TranslationalStiffnessZ":0.7490277074971365,"RotationalStiffnessX":0.876144139038466,"RotationalStiffnessY":0.7567979999616733,"RotationalStiffnessZ":0.3737060219858335,"TranslationX":0,"TranslationY":1,"TranslationZ":11,"RotationX":11,"RotationY":12,"RotationZ":10,"BHoM_Guid":"a9a617d2-3fbf-4b6a-8654-6c87c1d4e960","Fragments":[],"Tags":[],"CustomData":{"3htiwke5bf5":{"X":0.5534131939305985,"Y":0.6315623333824623,"Z":0.6086225871036866},"5zlt31kfyer":{"X":0.8148836390184628,"Y":0.8428636122694535,"Z":0.7358132864981021}}},"BHoM_Guid":"0f4849f1-bb7c-4eec-be1d-ebae4526649e","Name":"0khkcymuvzc","Fragments":[],"Tags":[],"CustomData":{"rufm52lsk4c":{"X":0.1475037751474901,"Y":0.06557369374929634,"Z":0.8621414815365064},"f4wpxafqbna":{"X":0.5231623037360433,"Y":0.7882571522091781,"Z":0.2757800315859635},"x3yizqgfvlz":{"X":0.18698544715856455,"Y":0.9475702428946133,"Z":0.17543738483238844},"p0uqipjmwz1":{"X":0.5162405211088437,"Y":0.3065591358144577,"Z":0.7738426182297257},"b0oev511xfw":{"X":0.83309819122455,"Y":0.7107799252079706,"Z":0.6907841855151505},"shumygkqgam":{"X":0.3879017030763913,"Y":0.09064590609196849,"Z":0.6508362016877328},"eak43etty5t":{"X":0.2260489753568773,"Y":0.23277456370777197,"Z":0.4385897128091146},"ci5vx25bfrk":{"X":0.8656955272265223,"Y":0.27600853204541304,"Z":0.727281640156769}}},"SectionProperty":{"Name":null,"Material":null,"SectionProfile":{"Shape":8,"Height":0.27504050045974576,"FlangeWidth":0.8902409867803757,"WebThickness":0.6043588736114832,"FlangeThickness":0.6834540137478402,"RootRadius":0.014002657501959549,"ToeRadius":0.4350134010589744,"MirrorAboutLocalZ":true,"Edges":[{"ControlPoints":[{"X":0.9032628898989702,"Y":0.6853032413335998,"Z":0.044884517809788006},{"X":0.3899357553524597,"Y":0.037172672821754904,"Z":0.32500319756800455},{"X":0.1814420228737602,"Y":0.9817854477939129,"Z":0.1320836870614829}]},{"ControlPoints":[{"X":0.05685786905552161,"Y":0.4147374920615635,"Z":0.9759639291912149}]},{"ControlPoints":[{"X":0.4058636535917705,"Y":0.0817068945996961,"Z":0.9109769151131515},{"X":0.7464334870439179,"Y":0.5516846741324685,"Z":0.6259995343284679},{"X":0.09038860448188549,"Y":0.6081014068834956,"Z":0.3980847901655756},{"X":0.4555237518882024,"Y":0.9414004943992014,"Z":0.48463881317742113},{"X":0.6059516838779448,"Y":0.25719310215543634,"Z":0.8361132200044176}]}],"BHoM_Guid":"1a23cdc5-51de-48e6-a0a9-bfbddd541162","Name":"","Fragments":[],"Tags":[],"CustomData":{}},"Area":0.035136409120232054,"Rgy":0.6842535043527621,"Rgz":0.29422308425150023,"J":0.5951979530952861,"Iy":0.38397479680551905,"Iz":0.9448320399712921,"Iw":0.4285642744174992,"Wely":0.5475010045559616,"Welz":0.2687165216862767,"Wply":0.03803872831074462,"Wplz":0.3392777775131528,"CentreZ":0.5601559782215189,"CentreY":0.8855929942268845,"Vz":0.4520612631235557,"Vpz":0.8215559952992741,"Vy":0.7743263262204483,"Vpy":0.8245959150719437,"Asy":0.8825509631459373,"Asz":0.8382510812199913,"BHoM_Guid":"9fe989cf-2201-4e26-95a1-535599ba0a0a","Fragments":[],"Tags":[],"CustomData":{}},"OrientationAngle":0.41117313849328696,"Release":{"Name":"a1zhwftziqg","StartRelease":{"Name":"qkbkat53nta","TranslationalStiffnessX":0.6228029353650301,"TranslationalStiffnessY":0.7443913643920754,"TranslationalStiffnessZ":0.5733406159902646,"RotationalStiffnessX":0.5837006576283372,"RotationalStiffnessY":0.2718474801033025,"RotationalStiffnessZ":0.5895053490947492,"TranslationX":5,"TranslationY":12,"TranslationZ":8,"RotationX":10,"RotationY":9,"RotationZ":3,"BHoM_Guid":"260ed14e-591d-4e17-bd54-a95c8a018880","Fragments":[],"Tags":[],"CustomData":{"phoskjooctl":{"X":0.23608092415895357,"Y":0.3707272444715385,"Z":0.397453390246934},"pt2p4cfu33u":{"X":0.6250906496425581,"Y":0.36245869023839883,"Z":0.6068526341611764},"zafdf1r5tpc":{"X":0.15469925764701295,"Y":0.8216720827956089,"Z":0.570062678572751}}},"EndRelease":{"Name":"qfhy5mmlbyx","TranslationalStiffnessX":0.30008022873666146,"TranslationalStiffnessY":0.5699307576613178,"TranslationalStiffnessZ":0.48933923127564566,"RotationalStiffnessX":0.663082817878147,"RotationalStiffnessY":0.6310163385379204,"RotationalStiffnessZ":0.7813557688060011,"TranslationX":4,"TranslationY":12,"TranslationZ":10,"RotationX":6,"RotationY":3,"RotationZ":1,"BHoM_Guid":"c7212715-934a-46f6-9290-6bc7ac2e3927","Fragments":[],"Tags":[],"CustomData":{"y5frxxghmbc":{"X":0.3233504729919836,"Y":0.7944694477107699,"Z":0.5560240738820397},"fxtfu1554by":{"X":0.8959858002588087,"Y":0.4599307135026579,"Z":0.319267901274966}}},"BHoM_Guid":"93ac7ab4-a13a-4000-9460-43041a28b6ec","Fragments":[],"Tags":[],"CustomData":{"acidh53p4kx":{"X":0.649512070067931,"Y":0.08133401865201724,"Z":0.42410260505234015},"y5bgjwfmocz":{"X":0.1995052654293856,"Y":0.5200922729075385,"Z":0.2313984470588148},"ttub1hrvjca":{"X":0.4681036777180171,"Y":0.9227192815964665,"Z":0.0032779374175136615},"aby5zeo4hoq":{"X":0.971767251366641,"Y":0.019574591433431297,"Z":0.8994687348136067},"izyjruvmd2k":{"X":0.020498865759232484,"Y":0.02743003937761767,"Z":0.34412868802627955}}},"FEAType":0,"Support":{"Name":"gae4cqe1cxo","TranslationX":9,"TranslationY":1,"TranslationZ":3,"RotationX":11,"TranslationalStiffnessX":0.3017401766505745,"TranslationalStiffnessY":0.567989242527629,"TranslationalStiffnessZ":0.050828560279136785,"RotationalStiffnessX":0.7459088846789249,"BHoM_Guid":"8dcdc4db-5d21-4285-9e0d-227d821ab228","Fragments":[],"Tags":[],"CustomData":{"fl0snceufyc":{"X":0.3617413692929509,"Y":0.25079477729778493,"Z":0.979151638680674},"3qaavofdv1p":{"X":0.9204186875933869,"Y":0.40800521262362843,"Z":0.23898021282580692},"xxivcimln2i":{"X":0.5818505033766155,"Y":0.8545498661019606,"Z":0.7664636917256116},"4btijwmevxc":{"X":0.02267990215806286,"Y":0.3680257631316901,"Z":0.10763495094498385}}},"Offset":{"Start":{"X":0.3515832216253426,"Y":0.7748948562773387,"Z":0.656555339068433},"End":{"X":0.13757129392473552,"Y":0.8754869344995762,"Z":0.4325006741250403},