{
    "Location": {
        "$type": "BH.oM.Geometry.PlanarSurface, Geometry_oM",
        "ExternalBoundary": {
            "$type": "BH.oM.Geometry.PolyCurve, Geometry_oM",
            "Curves": [
                {
                    "$type": "BH.oM.Geometry.Line, Geometry_oM",
                    "Start": {
                        "X": 22.76726361711675,
                        "Y": 20.3134060214182,
                        "Z": 1.5000000000000002
                    },
                    "End": {
                        "X": 18.263931517437655,
                        "Y": 17.713406021418223,
                        "Z": 1.5000000000000002
                    },
                    "Infinite": false
                },
                {
                    "$type": "BH.oM.Geometry.Line, Geometry_oM",
                    "Start": {
                        "X": 18.263931517437655,
                        "Y": 17.713406021418223,
                        "Z": 1.5000000000000002
                    },
                    "End": {
                        "X": 18.263931517437655,
                        "Y": 17.713406021418223,
                        "Z": 4.1000000000000005
                    },
                    "Infinite": false
                },
                {
                    "$type": "BH.oM.Geometry.Line, Geometry_oM",
                    "Start": {
                        "X": 18.263931517437655,
                        "Y": 17.713406021418223,
                        "Z": 4.1000000000000005
                    },
                    "End": {
                        "X": 22.76726361711675,
                        "Y": 20.3134060214182,
                        "Z": 4.1000000000000005
                    },
                    "Infinite": false
                },
                {
                    "$type": "BH.oM.Geometry.Line, Geometry_oM",
                    "Start": {
                        "X": 22.76726361711675,
                        "Y": 20.3134060214182,
                        "Z": 4.1000000000000005
                    },
                    "End": {
                        "X": 22.76726361711675,
                        "Y": 20.3134060214182,
                        "Z": 1.5000000000000002
                    },
                    "Infinite": false
                }
            ]
        },
        "InternalBoundaries": null
    },
    "Construction": {
        "$type": "BH.oM.Physical.Constructions.Construction, Physical_oM",
        "Layers": [
            {
                "Material": {
                    "Properties": [
                        {
                            "$type": "BH.oM.Environment.MaterialFragments.SolidMaterial, Environment_oM",
                            "Density": 0.0,
                            "Conductivity": 0.0,
                            "SpecificHeat": 0.0,
                            "VapourResistivity": 0.0,
                            "Description": "",
                            "Roughness": 0,
                            "Refraction": 0.0,
                            "SolarReflectanceExternal": 0.0,
                            "SolarReflectanceInternal": 0.0,
                            "SolarTransmittance": 0.0,
                            "LightReflectanceExternal": 0.0,
                            "LightReflectanceInternal": 0.0,
                            "LightTransmittance": 0.0,
                            "EmissivityExternal": 0.0,
                            "EmissivityInternal": 0.0,
                            "Specularity": 0.0,
                            "TransmittedDiffusivity": 0.0,
                            "TransmittedSpecularity": 0.0,
                            "IgnoreInUValueCalculation": false,
                            "BHoM_Guid": "8f47baf9-38b7-4786-8067-e8b14473da74",
                            "Name": "Concrete - Cast In Situ",
                            "Fragments": [],
                            "Tags": [],
                            "CustomData": {}
                        },
                        {
                            "$type": "BH.oM.Structure.MaterialFragments.Concrete, Structure_oM",
                            "Name": "Concrete - Cast In Situ",
                            "Density": 0.0,
                            "DampingRatio": 0.0,
                            "PoissonsRatio": 0.0,
                            "ThermalExpansionCoeff": 0.0,
                            "YoungsModulus": 0.0,
                            "CylinderStrength": 0.0,
                            "CubeStrength": 0.0,
                            "BHoM_Guid": "b7daa8b3-29c9-4556-8782-d9df79c77147",
                            "Fragments": [],
                            "Tags": [],
                            "CustomData": {}
                        }
                    ],
                    "BHoM_Guid": "283aa726-f8b7-4723-9acf-fb0b2270d5ba",
                    "Name": "Concrete - Cast In Situ",
                    "Fragments": [
                        {
                            "$type": "BH.oM.Adapters.Revit.Parameters.RevitIdentifiers, Revit_oM",
                            "PersistentId": "1551350c-45e5-41b8-bdf1-bcfa6794dc6a-000adc30",
                            "ElementId": 711728,
                            "CategoryName": "Materials",
                            "FamilyName": "",
                            "FamilyTypeName": "",
                            "FamilyTypeId": -1,
                            "Workset": "Workset1",
                            "OwnerViewId": -1,
                            "ParentElementId": -1,
                            "LinkDocument": ""
                        },
                        {
                            "$type": "BH.oM.Adapters.Revit.Parameters.RevitPulledParameters, Revit_oM",
                            "Parameters": {
                                "$type": "System.Collections.ObjectModel.ReadOnlyCollection`1[[BH.oM.Adapters.Revit.Parameters.RevitParameter, Revit_oM]], mscorlib",
                                "$values": [
                                    {
                                        "Name": "NestedParameter in past object.",
                                        "Value": "SomeNestedValue in parameter in past object."
                                    },
                                    {
                                        "Name": "Name",
                                        "Value": "Concrete - Cast In Situ"
                                    },
                                    {
                                        "Name": "Mark",
                                        "Value": ""
                                    },
                                    {
                                        "Name": "Transparency",
                                        "Value": 0
                                    },
                                    {
                                        "Name": "Color",
                                        "Value": null
                                    },
                                    {
                                        "Name": "URL",
                                        "Value": ""
                                    },
                                    {
                                        "Name": "Cost",
                                        "Value": 0.0
                                    },
                                    {
                                        "Name": "Manufacturer",
                                        "Value": ""
                                    },
                                    {
                                        "Name": "Recycled Content",
                                        "Value": 0.0
                                    },
                                    {
                                        "Name": "Keynote",